"JOB_ID";"JOB_NAME";"STEP_NAME";"Version"
2597;"20220800149"; Diseño en StandBy;JNGAVIRIA.GIS20220800149_NWO
2903;"20220800505"; Diseño en StandBy;CMVALLEJO.GIS20220800505_NWO
2955;"20220800866";Promover en ADMS;CMVALLEJO.GIS20220800866_WO400472859_PO
3588;"20220801579";Promover en ADMS;RVANEGASB.GIS20220801579_NWO
3864;"20220802338";Promover en ADMS;AMVELEZ.GIS20220802338_NWO
5202;"20220803504";Promover en ADMS;PSILVA.GIS20220803504_NWO
5210;"20220804152";Promover en ADMS;AMVELEZ.GIS20220804152_WO400482042_PO
5777;"20220803938";Promover en ADMS;PSILVA.GIS20220803938_WO400443858_PO
5247;"20220804454";Promover en ADMS;JNGAVIRIA.GIS20220804454_WO400345518_PO
6434;"20220804683";Promover en ADMS;EDELGADO.GIS20220804683_NWO
5272;"20220804195";Promover en ADMS;CAPEREZS.GIS20220804195_WO400481928_PO
5463;"20220804039";Promover en ADMS;JIDROBO.GIS20220804039_WO400482039_PO
7389;"20220805701";Editar Diseño;OIZQUIERDO.GIS20220805701_WODI_PS_028_37_PO
6515;"20220804780";Promover en ADMS;JIDROBO.GIS20220804780_NWO
8983;"20220805930";Promover en ADMS;CMVALLEJO.GIS20220805930_WO400415002_PO
9002;"20220805973";Promover en ADMS;ALSOLANO.GIS20220805973_NWO
8989;"20220806120";Promover en ADMS;HRRODRIGUEZS.GIS20220806120_WO400405357_PO
7123;"20220805256";Promover en ADMS;SPACOSTA.GIS20220805256_WO400415131_PO
8662;"20220806112";Promover en ADMS;AORTIZJ.GIS20220806112_WODI_PP_013_03_PO
8017;"20220805371"; Diseño en StandBy;LCESPEDES.GIS20220805371_NWO
8657;"20220805531";Promover en ADMS;PLOAIZA.GIS20220805531_WO400459269_PO
8658;"20220805957";Promover en ADMS;HRRODRIGUEZS.GIS20220805957_WO400415011_PO
9007;"20220806082";Promover en ADMS;JMPARRA.GIS20220806082_WO400449771_PO
14434;"20220809294";Promover en ADMS;SPACOSTA.GIS20220809294_NWO
12853;"20220808328";Promover en ADMS;LARIOS.GIS20220808328_NWO
14436;"20220809316";Promover en ADMS;JIDROBO.GIS20220809316_NWO
11570;"20220807763";Promover en ADMS;JNGAVIRIA.GIS20220807763_NWO
14113;"20220808867"; Diseño en StandBy;SPACOSTA.GIS20220808867_NWO
10622;"20220807291";Promover en ADMS;CAPEREZS.GIS20220807291_NWO_PO
14439;"20220809405";Promover en ADMS;EDELGADO.GIS20220809405_NWO
14198;"20220809243";Promover en ADMS;JNGAVIRIA.GIS20220809243_NWO
14177;"20220809081";Promover en ADMS;JIDROBO.GIS20220809081_WODI_PS_028_06_PO
13813;"20220808697"; Diseño en StandBy;JIDROBO.GIS20220808697_WODI_PS_027_16_PO
13816;"20220808778";Promover en ADMS;SPACOSTA.GIS20220808778_WODI_TE_001_03_PO
14099;"20220809049";Promover en ADMS;JIDROBO.GIS20220809049_WODI_PS_028_19_PO
16019;"20220811132"; Diseño en StandBy;SPACOSTA.GIS20220811132_NWO
15393;"20220810632";Promover en ADMS;MHHERRERA.GIS20220810632_WODI_MS_004_10_PO
14508;"20220810187";Promover en ADMS;AORTIZJ.GIS20220810187_NWO
15064;"20220810640";Promover en ADMS;DSEGURA.GIS20220810640_NWO
15717;"20220810861";Promover en ADMS;DSEGURA.GIS20220810861_NWO
16801;"20220811639"; Diseño en StandBy;LIPUENTES.GIS20220811639_NWO
14108;"20220810179";Promover en ADMS;LIPUENTES.GIS20220810179_NWO
14499;"20220809677";Promover en ADMS;AMVELEZ.GIS20220809677_WO400475727_PO
15713;"20220810731";Promover en ADMS;DSEGURA.GIS20220810731_NWO
14530;"20220809693"; Diseño en StandBy;AMVELEZ.GIS20220809693_WO400466379_PO
15758;"20220811345"; Diseño en StandBy;JMPARRA.GIS20220811345_WO400491554_PO
16658;"20220811396"; Diseño en StandBy;DAARBELAEZ.GIS20220811396_WODI_PS_028_39_PO
18409;"20220813305";Promover en ADMS;EDELGADO.GIS20220813305_NWO
17688;"20220812511";Promover en ADMS;PSILVA.GIS20220812511_NWO
17660;"20220812643";Promover en ADMS;AORTIZJ.GIS20220812643_WO400487980_PO
18357;"20220813267";Promover en ADMS;MICARVAJAL.GIS20220813267_NWO
11890;"20220807879"; Diseño en StandBy;JMPARRA.GIS20220807879_NWO
22117;"20220815049";Promover en ADMS;EDELGADO.GIS20220815049_NWO
